initial_alias,converted_alias,name,description,namespace
AKT1,ENSG00000142208,AKT1,AKT serine/threonine kinase 1 [Source:HGNC Symbol;Acc:HGNC:391],"ENTREZGENE,GENECARDS,HGNC,UNIPROT_GN,WIKIGENE"
AKT2,ENSG00000105221,AKT2,AKT serine/threonine kinase 2 [Source:HGNC Symbol;Acc:HGNC:392],"ENTREZGENE,GENECARDS,HGNC,UNIPROT_GN,WIKIGENE"
AKT3,ENSG00000117020,AKT3,AKT serine/threonine kinase 3 [Source:HGNC Symbol;Acc:HGNC:393],"ENTREZGENE,GENECARDS,HGNC,UNIPROT_GN,WIKIGENE"
BCL2L1,ENSG00000171552,BCL2L1,BCL2 like 1 [Source:HGNC Symbol;Acc:HGNC:992],"ENTREZGENE,GENECARDS,HGNC,UNIPROT_GN,WIKIGENE"
CBL,ENSG00000110395,CBL,Cbl proto-oncogene [Source:HGNC Symbol;Acc:HGNC:1541],"ENTREZGENE,GENECARDS,HGNC,UNIPROT_GN,WIKIGENE"
CBLB,ENSG00000114423,CBLB,Cbl proto-oncogene B [Source:HGNC Symbol;Acc:HGNC:1542],"ENTREZGENE,GENECARDS,HGNC,UNIPROT_GN,WIKIGENE"
CBLC,ENSG00000142273,CBLC,Cbl proto-oncogene C [Source:HGNC Symbol;Acc:HGNC:15961],"ENTREZGENE,GENECARDS,HGNC,UNIPROT_GN,WIKIGENE"
CCND1,ENSG00000110092,CCND1,cyclin D1 [Source:HGNC Symbol;Acc:HGNC:1582],"ENTREZGENE,GENECARDS,HGNC,UNIPROT_GN,WIKIGENE"
CCND2,ENSG00000118971,CCND2,cyclin D2 [Source:HGNC Symbol;Acc:HGNC:1583],"ENTREZGENE,GENECARDS,HGNC,UNIPROT_GN,WIKIGENE"
CCND3,ENSG00000112576,CCND3,cyclin D3 [Source:HGNC Symbol;Acc:HGNC:1585],"ENTREZGENE,GENECARDS,HGNC,UNIPROT_GN,WIKIGENE"
CISH,ENSG00000114737,CISH,cytokine inducible SH2 containing protein [Source:HGNC Symbol;Acc:HGNC:1984],"ENTREZGENE,GENECARDS,HGNC,UNIPROT_GN,WIKIGENE"
CLCF1,ENSG00000175505,CLCF1,cardiotrophin like cytokine factor 1 [Source:HGNC Symbol;Acc:HGNC:17412],"ENTREZGENE,GENECARDS,HGNC,UNIPROT_GN,WIKIGENE"
CNTF,ENSG00000242689,CNTF,ciliary neurotrophic factor [Source:HGNC Symbol;Acc:HGNC:2169],"ENTREZGENE,GENECARDS,HGNC,UNIPROT_GN,WIKIGENE"
CNTFR,ENSG00000122756,CNTFR,ciliary neurotrophic factor receptor [Source:HGNC Symbol;Acc:HGNC:2170],"ENTREZGENE,GENECARDS,HGNC,UNIPROT_GN,WIKIGENE"
CREBBP,ENSG00000005339,CREBBP,CREB binding protein [Source:HGNC Symbol;Acc:HGNC:2348],"ENTREZGENE,GENECARDS,HGNC,UNIPROT_GN,WIKIGENE"
CRLF2,ENSG00000205755,CRLF2,cytokine receptor like factor 2 [Source:HGNC Symbol;Acc:HGNC:14281],"ENTREZGENE,GENECARDS,HGNC,UNIPROT_GN,WIKIGENE"
CRLF2,ENSG00000292363,CRLF2,cytokine receptor like factor 2 [Source:HGNC Symbol;Acc:HGNC:14281],"ENTREZGENE,GENECARDS,HGNC,UNIPROT_GN,WIKIGENE"
CSF2,ENSG00000164400,CSF2,colony stimulating factor 2 [Source:HGNC Symbol;Acc:HGNC:2434],"ENTREZGENE,GENECARDS,HGNC,UNIPROT_GN,WIKIGENE"
CSF2RA,ENSG00000198223,CSF2RA,colony stimulating factor 2 receptor subunit alpha [Source:HGNC Symbol;Acc:HGNC:2435],"ENTREZGENE,GENECARDS,HGNC,UNIPROT_GN,WIKIGENE"
CSF2RA,ENSG00000292357,CSF2RA,colony stimulating factor 2 receptor subunit alpha [Source:HGNC Symbol;Acc:HGNC:2435],"ENTREZGENE,GENECARDS,HGNC,UNIPROT_GN,WIKIGENE"
CSF2RB,ENSG00000100368,CSF2RB,colony stimulating factor 2 receptor subunit beta [Source:HGNC Symbol;Acc:HGNC:2436],"ENTREZGENE,GENECARDS,HGNC,UNIPROT_GN,WIKIGENE"
CSF3,ENSG00000108342,CSF3,colony stimulating factor 3 [Source:HGNC Symbol;Acc:HGNC:2438],"ENTREZGENE,GENECARDS,HGNC,UNIPROT_GN,WIKIGENE"
CSF3R,ENSG00000119535,CSF3R,colony stimulating factor 3 receptor [Source:HGNC Symbol;Acc:HGNC:2439],"ENTREZGENE,GENECARDS,HGNC,UNIPROT_GN,WIKIGENE"
CSH1,ENSG00000136488,CSH1,chorionic somatomammotropin hormone 1 [Source:HGNC Symbol;Acc:HGNC:2440],"ENTREZGENE,GENECARDS,HGNC,UNIPROT_GN,WIKIGENE"
CSH1,ENSG00000213218,CSH2,chorionic somatomammotropin hormone 2 [Source:HGNC Symbol;Acc:HGNC:2441],"ENTREZGENE,GENECARDS,HGNC,UNIPROT_GN,WIKIGENE"
CTF1,ENSG00000150281,CTF1,cardiotrophin 1 [Source:HGNC Symbol;Acc:HGNC:2499],"ENTREZGENE,GENECARDS,HGNC,UNIPROT_GN,WIKIGENE"
EP300,ENSG00000100393,EP300,E1A binding protein p300 [Source:HGNC Symbol;Acc:HGNC:3373],"ENTREZGENE,GENECARDS,HGNC,UNIPROT_GN,WIKIGENE"
EPO,ENSG00000130427,EPO,erythropoietin [Source:HGNC Symbol;Acc:HGNC:3415],"ENTREZGENE,GENECARDS,HGNC,UNIPROT_GN,WIKIGENE"
EPOR,ENSG00000187266,EPOR,erythropoietin receptor [Source:HGNC Symbol;Acc:HGNC:3416],"ENTREZGENE,GENECARDS,HGNC,UNIPROT_GN,WIKIGENE"
GH1,ENSG00000259384,GH1,growth hormone 1 [Source:HGNC Symbol;Acc:HGNC:4261],"ENTREZGENE,GENECARDS,HGNC,UNIPROT_GN,WIKIGENE"
GH2,ENSG00000136487,GH2,growth hormone 2 [Source:HGNC Symbol;Acc:HGNC:4262],"ENTREZGENE,GENECARDS,HGNC,UNIPROT_GN,WIKIGENE"
GHR,ENSG00000112964,GHR,growth hormone receptor [Source:HGNC Symbol;Acc:HGNC:4263],"ENTREZGENE,GENECARDS,HGNC,UNIPROT_GN,WIKIGENE"
GRB2,ENSG00000177885,GRB2,growth factor receptor bound protein 2 [Source:HGNC Symbol;Acc:HGNC:4566],"ENTREZGENE,GENECARDS,HGNC,UNIPROT_GN,WIKIGENE"
IFNA1,ENSG00000197919,IFNA1,interferon alpha 1 [Source:HGNC Symbol;Acc:HGNC:5417],"ENTREZGENE,GENECARDS,HGNC,UNIPROT_GN,WIKIGENE"
IFNA1,ENSG00000233816,IFNA13,interferon alpha 13 [Source:HGNC Symbol;Acc:HGNC:5419],"ENTREZGENE,GENECARDS,HGNC,UNIPROT_GN,WIKIGENE"
IFNA10,ENSG00000186803,IFNA10,interferon alpha 10 [Source:HGNC Symbol;Acc:HGNC:5418],"ENTREZGENE,GENECARDS,HGNC,UNIPROT_GN,WIKIGENE"
IFNA13,ENSG00000233816,IFNA13,interferon alpha 13 [Source:HGNC Symbol;Acc:HGNC:5419],"ENTREZGENE,GENECARDS,HGNC,UNIPROT_GN,WIKIGENE"
IFNA14,ENSG00000228083,IFNA14,interferon alpha 14 [Source:HGNC Symbol;Acc:HGNC:5420],"ENTREZGENE,GENECARDS,HGNC,UNIPROT_GN,WIKIGENE"
IFNA16,ENSG00000147885,IFNA16,interferon alpha 16 [Source:HGNC Symbol;Acc:HGNC:5421],"ENTREZGENE,GENECARDS,HGNC,UNIPROT_GN,WIKIGENE"
IFNA17,ENSG00000234829,IFNA17,interferon alpha 17 [Source:HGNC Symbol;Acc:HGNC:5422],"ENTREZGENE,GENECARDS,HGNC,UNIPROT_GN,WIKIGENE"
IFNA2,ENSG00000188379,IFNA2,interferon alpha 2 [Source:HGNC Symbol;Acc:HGNC:5423],"ENTREZGENE,GENECARDS,HGNC,UNIPROT_GN,WIKIGENE"
IFNA21,ENSG00000137080,IFNA21,interferon alpha 21 [Source:HGNC Symbol;Acc:HGNC:5424],"ENTREZGENE,GENECARDS,HGNC,UNIPROT_GN,WIKIGENE"
IFNA4,ENSG00000236637,IFNA4,interferon alpha 4 [Source:HGNC Symbol;Acc:HGNC:5425],"ENTREZGENE,GENECARDS,HGNC,UNIPROT_GN,WIKIGENE"
IFNA5,ENSG00000147873,IFNA5,interferon alpha 5 [Source:HGNC Symbol;Acc:HGNC:5426],"ENTREZGENE,GENECARDS,HGNC,UNIPROT_GN,WIKIGENE"
IFNA6,ENSG00000120235,IFNA6,interferon alpha 6 [Source:HGNC Symbol;Acc:HGNC:5427],"ENTREZGENE,GENECARDS,HGNC,UNIPROT_GN,WIKIGENE"
IFNA7,ENSG00000214042,IFNA7,interferon alpha 7 [Source:HGNC Symbol;Acc:HGNC:5428],"ENTREZGENE,GENECARDS,HGNC,UNIPROT_GN,WIKIGENE"
IFNA8,ENSG00000120242,IFNA8,interferon alpha 8 [Source:HGNC Symbol;Acc:HGNC:5429],"ENTREZGENE,GENECARDS,HGNC,UNIPROT_GN,WIKIGENE"
IFNAR1,ENSG00000142166,IFNAR1,interferon alpha and beta receptor subunit 1 [Source:HGNC Symbol;Acc:HGNC:5432],"ENTREZGENE,GENECARDS,HGNC,UNIPROT_GN,WIKIGENE"
IFNAR2,ENSG00000159110,IFNAR2,interferon alpha and beta receptor subunit 2 [Source:HGNC Symbol;Acc:HGNC:5433],"ENTREZGENE,GENECARDS,HGNC,UNIPROT_GN,WIKIGENE"
IFNB1,ENSG00000171855,IFNB1,interferon beta 1 [Source:HGNC Symbol;Acc:HGNC:5434],"ENTREZGENE,GENECARDS,HGNC,UNIPROT_GN,WIKIGENE"
IFNE,ENSG00000184995,IFNE,interferon epsilon [Source:HGNC Symbol;Acc:HGNC:18163],"ENTREZGENE,GENECARDS,HGNC,UNIPROT_GN,WIKIGENE"
IFNG,ENSG00000111537,IFNG,interferon gamma [Source:HGNC Symbol;Acc:HGNC:5438],"ENTREZGENE,GENECARDS,HGNC,UNIPROT_GN,WIKIGENE"
IFNGR1,ENSG00000027697,IFNGR1,interferon gamma receptor 1 [Source:HGNC Symbol;Acc:HGNC:5439],"ENTREZGENE,GENECARDS,HGNC,UNIPROT_GN,WIKIGENE"
IFNGR2,ENSG00000159128,IFNGR2,interferon gamma receptor 2 [Source:HGNC Symbol;Acc:HGNC:5440],"ENTREZGENE,GENECARDS,HGNC,UNIPROT_GN,WIKIGENE"
IFNK,ENSG00000147896,IFNK,interferon kappa [Source:HGNC Symbol;Acc:HGNC:21714],"ENTREZGENE,GENECARDS,HGNC,UNIPROT_GN,WIKIGENE"
IFNL1,ENSG00000182393,IFNL1,interferon lambda 1 [Source:HGNC Symbol;Acc:HGNC:18363],"ENTREZGENE,GENECARDS,HGNC,UNIPROT_GN,WIKIGENE"
IFNL2,ENSG00000183709,IFNL2,interferon lambda 2 [Source:HGNC Symbol;Acc:HGNC:18364],"ENTREZGENE,GENECARDS,HGNC,UNIPROT_GN,WIKIGENE"
IFNL3,ENSG00000197110,IFNL3,interferon lambda 3 [Source:HGNC Symbol;Acc:HGNC:18365],"ENTREZGENE,GENECARDS,HGNC,UNIPROT_GN,WIKIGENE"
IFNLR1,ENSG00000185436,IFNLR1,interferon lambda receptor 1 [Source:HGNC Symbol;Acc:HGNC:18584],"ENTREZGENE,GENECARDS,HGNC,UNIPROT_GN,WIKIGENE"
IFNW1,ENSG00000177047,IFNW1,interferon omega 1 [Source:HGNC Symbol;Acc:HGNC:5448],"ENTREZGENE,GENECARDS,HGNC,UNIPROT_GN,WIKIGENE"
IL10,ENSG00000136634,IL10,interleukin 10 [Source:HGNC Symbol;Acc:HGNC:5962],"ENTREZGENE,GENECARDS,HGNC,UNIPROT_GN,WIKIGENE"
IL10RA,ENSG00000110324,IL10RA,interleukin 10 receptor subunit alpha [Source:HGNC Symbol;Acc:HGNC:5964],"ENTREZGENE,GENECARDS,HGNC,UNIPROT_GN,WIKIGENE"
IL10RB,ENSG00000243646,IL10RB,interleukin 10 receptor subunit beta [Source:HGNC Symbol;Acc:HGNC:5965],"ENTREZGENE,GENECARDS,HGNC,UNIPROT_GN,WIKIGENE"
IL11,ENSG00000095752,IL11,interleukin 11 [Source:HGNC Symbol;Acc:HGNC:5966],"ENTREZGENE,GENECARDS,HGNC,UNIPROT_GN,WIKIGENE"
IL11RA,ENSG00000137070,IL11RA,interleukin 11 receptor subunit alpha [Source:HGNC Symbol;Acc:HGNC:5967],"ENTREZGENE,GENECARDS,HGNC,UNIPROT_GN,WIKIGENE"
IL12A,ENSG00000168811,IL12A,interleukin 12A [Source:HGNC Symbol;Acc:HGNC:5969],"ENTREZGENE,GENECARDS,HGNC,UNIPROT_GN,WIKIGENE"
IL12B,ENSG00000113302,IL12B,interleukin 12B [Source:HGNC Symbol;Acc:HGNC:5970],"ENTREZGENE,GENECARDS,HGNC,UNIPROT_GN,WIKIGENE"
IL12RB1,ENSG00000096996,IL12RB1,interleukin 12 receptor subunit beta 1 [Source:HGNC Symbol;Acc:HGNC:5971],"ENTREZGENE,GENECARDS,HGNC,UNIPROT_GN,WIKIGENE"
IL12RB2,ENSG00000081985,IL12RB2,interleukin 12 receptor subunit beta 2 [Source:HGNC Symbol;Acc:HGNC:5972],"ENTREZGENE,GENECARDS,HGNC,UNIPROT_GN,WIKIGENE"
IL13,ENSG00000169194,IL13,interleukin 13 [Source:HGNC Symbol;Acc:HGNC:5973],"ENTREZGENE,GENECARDS,HGNC,WIKIGENE"
IL13RA1,ENSG00000131724,IL13RA1,interleukin 13 receptor subunit alpha 1 [Source:HGNC Symbol;Acc:HGNC:5974],"ENTREZGENE,GENECARDS,HGNC,UNIPROT_GN,WIKIGENE"
IL13RA2,ENSG00000123496,IL13RA2,interleukin 13 receptor subunit alpha 2 [Source:HGNC Symbol;Acc:HGNC:5975],"ENTREZGENE,GENECARDS,HGNC,UNIPROT_GN,WIKIGENE"
IL15,ENSG00000164136,IL15,interleukin 15 [Source:HGNC Symbol;Acc:HGNC:5977],"ENTREZGENE,GENECARDS,HGNC,UNIPROT_GN,WIKIGENE"
IL15RA,ENSG00000134470,IL15RA,interleukin 15 receptor subunit alpha [Source:HGNC Symbol;Acc:HGNC:5978],"ENTREZGENE,GENECARDS,HGNC,UNIPROT_GN,WIKIGENE"
IL19,ENSG00000142224,IL19,interleukin 19 [Source:HGNC Symbol;Acc:HGNC:5990],"ENTREZGENE,GENECARDS,HGNC,UNIPROT_GN,WIKIGENE"
IL2,ENSG00000109471,IL2,interleukin 2 [Source:HGNC Symbol;Acc:HGNC:6001],"ENTREZGENE,GENECARDS,HGNC,UNIPROT_GN,WIKIGENE"
IL20,ENSG00000162891,IL20,interleukin 20 [Source:HGNC Symbol;Acc:HGNC:6002],"ENTREZGENE,GENECARDS,HGNC,UNIPROT_GN,WIKIGENE"
IL20RA,ENSG00000016402,IL20RA,interleukin 20 receptor subunit alpha [Source:HGNC Symbol;Acc:HGNC:6003],"ENTREZGENE,GENECARDS,HGNC,UNIPROT_GN,WIKIGENE"
IL20RB,ENSG00000174564,IL20RB,interleukin 20 receptor subunit beta [Source:HGNC Symbol;Acc:HGNC:6004],"ENTREZGENE,GENECARDS,HGNC,UNIPROT_GN,WIKIGENE"
IL21,ENSG00000138684,IL21,interleukin 21 [Source:HGNC Symbol;Acc:HGNC:6005],"ENTREZGENE,GENECARDS,HGNC,UNIPROT_GN,WIKIGENE"
IL21R,ENSG00000103522,IL21R,interleukin 21 receptor [Source:HGNC Symbol;Acc:HGNC:6006],"ENTREZGENE,GENECARDS,HGNC,UNIPROT_GN,WIKIGENE"
IL22,ENSG00000127318,IL22,interleukin 22 [Source:HGNC Symbol;Acc:HGNC:14900],"ENTREZGENE,GENECARDS,HGNC,UNIPROT_GN,WIKIGENE"
IL22RA1,ENSG00000142677,IL22RA1,interleukin 22 receptor subunit alpha 1 [Source:HGNC Symbol;Acc:HGNC:13700],"ENTREZGENE,GENECARDS,HGNC,UNIPROT_GN,WIKIGENE"
IL22RA2,ENSG00000164485,IL22RA2,interleukin 22 receptor subunit alpha 2 [Source:HGNC Symbol;Acc:HGNC:14901],"ENTREZGENE,GENECARDS,HGNC,UNIPROT_GN,WIKIGENE"
IL23A,ENSG00000110944,IL23A,interleukin 23 subunit alpha [Source:HGNC Symbol;Acc:HGNC:15488],"ENTREZGENE,GENECARDS,HGNC,UNIPROT_GN,WIKIGENE"
IL23R,ENSG00000162594,IL23R,interleukin 23 receptor [Source:HGNC Symbol;Acc:HGNC:19100],"ENTREZGENE,GENECARDS,HGNC,UNIPROT_GN,WIKIGENE"
IL24,ENSG00000162892,IL24,interleukin 24 [Source:HGNC Symbol;Acc:HGNC:11346],"ENTREZGENE,GENECARDS,HGNC,UNIPROT_GN,WIKIGENE"
IL26,ENSG00000111536,IL26,interleukin 26 [Source:HGNC Symbol;Acc:HGNC:17119],"ENTREZGENE,GENECARDS,HGNC,UNIPROT_GN,WIKIGENE"
IL2RA,ENSG00000134460,IL2RA,interleukin 2 receptor subunit alpha [Source:HGNC Symbol;Acc:HGNC:6008],"ENTREZGENE,GENECARDS,HGNC,UNIPROT_GN,WIKIGENE"
IL2RB,ENSG00000100385,IL2RB,interleukin 2 receptor subunit beta [Source:HGNC Symbol;Acc:HGNC:6009],"ENTREZGENE,GENECARDS,HGNC,UNIPROT_GN,WIKIGENE"
IL2RG,ENSG00000147168,IL2RG,interleukin 2 receptor subunit gamma [Source:HGNC Symbol;Acc:HGNC:6010],"ENTREZGENE,GENECARDS,HGNC,UNIPROT_GN,WIKIGENE"
IL3,ENSG00000164399,IL3,interleukin 3 [Source:HGNC Symbol;Acc:HGNC:6011],"ENTREZGENE,GENECARDS,HGNC,UNIPROT_GN,WIKIGENE"
IL3RA,ENSG00000185291,IL3RA,interleukin 3 receptor subunit alpha [Source:HGNC Symbol;Acc:HGNC:6012],"ENTREZGENE,GENECARDS,HGNC,UNIPROT_GN,WIKIGENE"
IL3RA,ENSG00000292332,IL3RA,interleukin 3 receptor subunit alpha [Source:HGNC Symbol;Acc:HGNC:6012],"ENTREZGENE,GENECARDS,HGNC,UNIPROT_GN,WIKIGENE"
IL4,ENSG00000113520,IL4,interleukin 4 [Source:HGNC Symbol;Acc:HGNC:6014],"ENTREZGENE,GENECARDS,HGNC,UNIPROT_GN,WIKIGENE"
IL4R,ENSG00000077238,IL4R,interleukin 4 receptor [Source:HGNC Symbol;Acc:HGNC:6015],"ENTREZGENE,GENECARDS,HGNC,UNIPROT_GN,WIKIGENE"
IL5,ENSG00000113525,IL5,interleukin 5 [Source:HGNC Symbol;Acc:HGNC:6016],"ENTREZGENE,GENECARDS,HGNC,UNIPROT_GN,WIKIGENE"
IL5RA,ENSG00000091181,IL5RA,interleukin 5 receptor subunit alpha [Source:HGNC Symbol;Acc:HGNC:6017],"ENTREZGENE,GENECARDS,HGNC,UNIPROT_GN,WIKIGENE"
IL6,ENSG00000136244,IL6,interleukin 6 [Source:HGNC Symbol;Acc:HGNC:6018],"ENTREZGENE,GENECARDS,HGNC,UNIPROT_GN,WIKIGENE"
IL6R,ENSG00000160712,IL6R,interleukin 6 receptor [Source:HGNC Symbol;Acc:HGNC:6019],"ENTREZGENE,GENECARDS,HGNC,UNIPROT_GN,WIKIGENE"
IL6ST,ENSG00000134352,IL6ST,interleukin 6 cytokine family signal transducer [Source:HGNC Symbol;Acc:HGNC:6021],"ENTREZGENE,GENECARDS,HGNC,UNIPROT_GN,WIKIGENE"
IL7,ENSG00000104432,IL7,interleukin 7 [Source:HGNC Symbol;Acc:HGNC:6023],"ENTREZGENE,GENECARDS,HGNC,UNIPROT_GN,WIKIGENE"
IL7R,ENSG00000168685,IL7R,interleukin 7 receptor [Source:HGNC Symbol;Acc:HGNC:6024],"ENTREZGENE,GENECARDS,HGNC,UNIPROT_GN,WIKIGENE"
IL9,ENSG00000145839,IL9,interleukin 9 [Source:HGNC Symbol;Acc:HGNC:6029],"ENTREZGENE,GENECARDS,HGNC,UNIPROT_GN,WIKIGENE"
IL9R,ENSG00000124334,IL9R,interleukin 9 receptor [Source:HGNC Symbol;Acc:HGNC:6030],"ENTREZGENE,GENECARDS,HGNC,UNIPROT_GN,WIKIGENE"
IL9R,ENSG00000292373,IL9R,interleukin 9 receptor [Source:HGNC Symbol;Acc:HGNC:6030],"ENTREZGENE,GENECARDS,HGNC,UNIPROT_GN,WIKIGENE"
IRF9,ENSG00000213928,IRF9,interferon regulatory factor 9 [Source:HGNC Symbol;Acc:HGNC:6131],"ENTREZGENE,GENECARDS,HGNC,UNIPROT_GN,WIKIGENE"
JAK1,ENSG00000162434,JAK1,Janus kinase 1 [Source:HGNC Symbol;Acc:HGNC:6190],"ENTREZGENE,GENECARDS,HGNC,UNIPROT_GN,WIKIGENE"
JAK2,ENSG00000096968,JAK2,Janus kinase 2 [Source:HGNC Symbol;Acc:HGNC:6192],"ENTREZGENE,GENECARDS,HGNC,UNIPROT_GN,WIKIGENE"
JAK3,ENSG00000105639,JAK3,Janus kinase 3 [Source:HGNC Symbol;Acc:HGNC:6193],"ENTREZGENE,GENECARDS,HGNC,UNIPROT_GN,WIKIGENE"
LEP,ENSG00000174697,LEP,leptin [Source:HGNC Symbol;Acc:HGNC:6553],"ENTREZGENE,GENECARDS,HGNC,UNIPROT_GN,WIKIGENE"
LEPR,ENSG00000116678,LEPR,leptin receptor [Source:HGNC Symbol;Acc:HGNC:6554],"ENTREZGENE,GENECARDS,HGNC,UNIPROT_GN,WIKIGENE"
LIF,ENSG00000128342,LIF,LIF interleukin 6 family cytokine [Source:HGNC Symbol;Acc:HGNC:6596],"ENTREZGENE,GENECARDS,HGNC,UNIPROT_GN,WIKIGENE"
LIFR,ENSG00000113594,LIFR,LIF receptor subunit alpha [Source:HGNC Symbol;Acc:HGNC:6597],"ENTREZGENE,GENECARDS,HGNC,UNIPROT_GN,WIKIGENE"
MPL,ENSG00000117400,MPL,"MPL proto-oncogene, thrombopoietin receptor [Source:HGNC Symbol;Acc:HGNC:7217]","ENTREZGENE,GENECARDS,HGNC,UNIPROT_GN,WIKIGENE"
MYC,ENSG00000136997,MYC,"MYC proto-oncogene, bHLH transcription factor [Source:HGNC Symbol;Acc:HGNC:7553]","ENTREZGENE,GENECARDS,HGNC,UNIPROT_GN,WIKIGENE"
OSM,ENSG00000099985,OSM,oncostatin M [Source:HGNC Symbol;Acc:HGNC:8506],"ENTREZGENE,GENECARDS,HGNC,UNIPROT_GN,WIKIGENE"
OSMR,ENSG00000145623,OSMR,oncostatin M receptor [Source:HGNC Symbol;Acc:HGNC:8507],"ENTREZGENE,GENECARDS,HGNC,UNIPROT_GN,WIKIGENE"
PIAS1,ENSG00000033800,PIAS1,protein inhibitor of activated STAT 1 [Source:HGNC Symbol;Acc:HGNC:2752],"ENTREZGENE,GENECARDS,HGNC,UNIPROT_GN,WIKIGENE"
PIAS2,ENSG00000078043,PIAS2,protein inhibitor of activated STAT 2 [Source:HGNC Symbol;Acc:HGNC:17311],"ENTREZGENE,GENECARDS,HGNC,UNIPROT_GN,WIKIGENE"
PIAS3,ENSG00000131788,PIAS3,protein inhibitor of activated STAT 3 [Source:HGNC Symbol;Acc:HGNC:16861],"ENTREZGENE,GENECARDS,HGNC,UNIPROT_GN,WIKIGENE"
PIAS4,ENSG00000105229,PIAS4,protein inhibitor of activated STAT 4 [Source:HGNC Symbol;Acc:HGNC:17002],"ENTREZGENE,GENECARDS,HGNC,UNIPROT_GN,WIKIGENE"
PIK3CA,ENSG00000121879,PIK3CA,"phosphatidylinositol-4,5-bisphosphate 3-kinase catalytic subunit alpha [Source:HGNC Symbol;Acc:HGNC:8975]","ENTREZGENE,GENECARDS,HGNC,UNIPROT_GN,WIKIGENE"
PIK3CB,ENSG00000051382,PIK3CB,"phosphatidylinositol-4,5-bisphosphate 3-kinase catalytic subunit beta [Source:HGNC Symbol;Acc:HGNC:8976]","ENTREZGENE,GENECARDS,HGNC,UNIPROT_GN,WIKIGENE"
PIK3CD,ENSG00000171608,PIK3CD,"phosphatidylinositol-4,5-bisphosphate 3-kinase catalytic subunit delta [Source:HGNC Symbol;Acc:HGNC:8977]","ENTREZGENE,GENECARDS,HGNC,UNIPROT_GN,WIKIGENE"
PIK3CG,ENSG00000105851,PIK3CG,"phosphatidylinositol-4,5-bisphosphate 3-kinase catalytic subunit gamma [Source:HGNC Symbol;Acc:HGNC:8978]","ENTREZGENE,GENECARDS,HGNC,UNIPROT_GN,WIKIGENE"
PIK3R1,ENSG00000145675,PIK3R1,phosphoinositide-3-kinase regulatory subunit 1 [Source:HGNC Symbol;Acc:HGNC:8979],"ENTREZGENE,GENECARDS,HGNC,UNIPROT_GN,WIKIGENE"
PIK3R2,ENSG00000105647,PIK3R2,phosphoinositide-3-kinase regulatory subunit 2 [Source:HGNC Symbol;Acc:HGNC:8980],"ENTREZGENE,GENECARDS,HGNC,UNIPROT_GN,WIKIGENE"
PIK3R3,ENSG00000117461,PIK3R3,phosphoinositide-3-kinase regulatory subunit 3 [Source:HGNC Symbol;Acc:HGNC:8981],"ENTREZGENE,GENECARDS,HGNC,UNIPROT_GN,WIKIGENE"
PIK3R5,ENSG00000141506,PIK3R5,phosphoinositide-3-kinase regulatory subunit 5 [Source:HGNC Symbol;Acc:HGNC:30035],"ENTREZGENE,GENECARDS,HGNC,UNIPROT_GN,WIKIGENE"
PIM1,ENSG00000137193,PIM1,"Pim-1 proto-oncogene, serine/threonine kinase [Source:HGNC Symbol;Acc:HGNC:8986]","ENTREZGENE,GENECARDS,HGNC,UNIPROT_GN,WIKIGENE"
PRL,ENSG00000172179,PRL,prolactin [Source:HGNC Symbol;Acc:HGNC:9445],"ENTREZGENE,GENECARDS,HGNC,UNIPROT_GN,WIKIGENE"
PRLR,ENSG00000113494,PRLR,prolactin receptor [Source:HGNC Symbol;Acc:HGNC:9446],"ENTREZGENE,GENECARDS,HGNC,UNIPROT_GN,WIKIGENE"
PTPN11,ENSG00000179295,PTPN11,protein tyrosine phosphatase non-receptor type 11 [Source:HGNC Symbol;Acc:HGNC:9644],"ENTREZGENE,GENECARDS,HGNC,UNIPROT_GN,WIKIGENE"
PTPN6,ENSG00000111679,PTPN6,protein tyrosine phosphatase non-receptor type 6 [Source:HGNC Symbol;Acc:HGNC:9658],"ENTREZGENE,GENECARDS,HGNC,UNIPROT_GN,WIKIGENE"
SOCS1,ENSG00000185338,SOCS1,suppressor of cytokine signaling 1 [Source:HGNC Symbol;Acc:HGNC:19383],"ENTREZGENE,GENECARDS,HGNC,UNIPROT_GN,WIKIGENE"
SOCS2,ENSG00000120833,SOCS2,suppressor of cytokine signaling 2 [Source:HGNC Symbol;Acc:HGNC:19382],"ENTREZGENE,GENECARDS,HGNC,UNIPROT_GN,WIKIGENE"
SOCS3,ENSG00000184557,SOCS3,suppressor of cytokine signaling 3 [Source:HGNC Symbol;Acc:HGNC:19391],"ENTREZGENE,GENECARDS,HGNC,UNIPROT_GN,WIKIGENE"
SOCS4,ENSG00000180008,SOCS4,suppressor of cytokine signaling 4 [Source:HGNC Symbol;Acc:HGNC:19392],"ENTREZGENE,GENECARDS,HGNC,UNIPROT_GN,WIKIGENE"
SOCS5,ENSG00000171150,SOCS5,suppressor of cytokine signaling 5 [Source:HGNC Symbol;Acc:HGNC:16852],"ENTREZGENE,GENECARDS,HGNC,UNIPROT_GN,WIKIGENE"
SOCS7,ENSG00000274211,SOCS7,suppressor of cytokine signaling 7 [Source:HGNC Symbol;Acc:HGNC:29846],"ENTREZGENE,GENECARDS,HGNC,UNIPROT_GN,WIKIGENE"
SOS1,ENSG00000115904,SOS1,SOS Ras/Rac guanine nucleotide exchange factor 1 [Source:HGNC Symbol;Acc:HGNC:11187],"ENTREZGENE,GENECARDS,HGNC,UNIPROT_GN,WIKIGENE"
SOS2,ENSG00000100485,SOS2,SOS Ras/Rho guanine nucleotide exchange factor 2 [Source:HGNC Symbol;Acc:HGNC:11188],"ENTREZGENE,GENECARDS,HGNC,UNIPROT_GN,WIKIGENE"
SPRED1,ENSG00000166068,SPRED1,sprouty related EVH1 domain containing 1 [Source:HGNC Symbol;Acc:HGNC:20249],"ENTREZGENE,GENECARDS,HGNC,UNIPROT_GN,WIKIGENE"
SPRED2,ENSG00000198369,SPRED2,sprouty related EVH1 domain containing 2 [Source:HGNC Symbol;Acc:HGNC:17722],"ENTREZGENE,GENECARDS,HGNC,UNIPROT_GN,WIKIGENE"
SPRY1,ENSG00000164056,SPRY1,sprouty RTK signaling antagonist 1 [Source:HGNC Symbol;Acc:HGNC:11269],"ENTREZGENE,GENECARDS,HGNC,UNIPROT_GN,WIKIGENE"
SPRY2,ENSG00000136158,SPRY2,sprouty RTK signaling antagonist 2 [Source:HGNC Symbol;Acc:HGNC:11270],"ENTREZGENE,GENECARDS,HGNC,UNIPROT_GN,WIKIGENE"
SPRY3,ENSG00000168939,SPRY3,sprouty RTK signaling antagonist 3 [Source:HGNC Symbol;Acc:HGNC:11271],"ENTREZGENE,GENECARDS,HGNC,UNIPROT_GN,WIKIGENE"
SPRY4,ENSG00000187678,SPRY4,sprouty RTK signaling antagonist 4 [Source:HGNC Symbol;Acc:HGNC:15533],"ENTREZGENE,GENECARDS,HGNC,UNIPROT_GN,WIKIGENE"
STAM,ENSG00000136738,STAM,signal transducing adaptor molecule [Source:HGNC Symbol;Acc:HGNC:11357],"ENTREZGENE,GENECARDS,HGNC,UNIPROT_GN,WIKIGENE"
STAM2,ENSG00000115145,STAM2,signal transducing adaptor molecule 2 [Source:HGNC Symbol;Acc:HGNC:11358],"ENTREZGENE,GENECARDS,HGNC,UNIPROT_GN,WIKIGENE"
STAT1,ENSG00000115415,STAT1,signal transducer and activator of transcription 1 [Source:HGNC Symbol;Acc:HGNC:11362],"ENTREZGENE,GENECARDS,HGNC,UNIPROT_GN,WIKIGENE"
STAT2,ENSG00000170581,STAT2,signal transducer and activator of transcription 2 [Source:HGNC Symbol;Acc:HGNC:11363],"ENTREZGENE,GENECARDS,HGNC,UNIPROT_GN,WIKIGENE"
STAT3,ENSG00000168610,STAT3,signal transducer and activator of transcription 3 [Source:HGNC Symbol;Acc:HGNC:11364],"ENTREZGENE,GENECARDS,HGNC,UNIPROT_GN,WIKIGENE"
STAT4,ENSG00000138378,STAT4,signal transducer and activator of transcription 4 [Source:HGNC Symbol;Acc:HGNC:11365],"ENTREZGENE,GENECARDS,HGNC,UNIPROT_GN,WIKIGENE"
STAT5A,ENSG00000126561,STAT5A,signal transducer and activator of transcription 5A [Source:HGNC Symbol;Acc:HGNC:11366],"ENTREZGENE,GENECARDS,HGNC,UNIPROT_GN,WIKIGENE"
STAT5B,ENSG00000173757,STAT5B,signal transducer and activator of transcription 5B [Source:HGNC Symbol;Acc:HGNC:11367],"ENTREZGENE,GENECARDS,HGNC,UNIPROT_GN,WIKIGENE"
STAT6,ENSG00000166888,STAT6,signal transducer and activator of transcription 6 [Source:HGNC Symbol;Acc:HGNC:11368],"ENTREZGENE,GENECARDS,HGNC,UNIPROT_GN,WIKIGENE"
TPO,ENSG00000115705,TPO,thyroid peroxidase [Source:HGNC Symbol;Acc:HGNC:12015],"ENTREZGENE,GENECARDS,HGNC,UNIPROT_GN,WIKIGENE"
TSLP,ENSG00000145777,TSLP,thymic stromal lymphopoietin [Source:HGNC Symbol;Acc:HGNC:30743],"ENTREZGENE,GENECARDS,HGNC,UNIPROT_GN,WIKIGENE"
TYK2,ENSG00000105397,TYK2,tyrosine kinase 2 [Source:HGNC Symbol;Acc:HGNC:12440],"ENTREZGENE,GENECARDS,HGNC,UNIPROT_GN,WIKIGENE"
ABL1,ENSG00000097007,ABL1,"ABL proto-oncogene 1, non-receptor tyrosine kinase [Source:HGNC Symbol;Acc:HGNC:76]","ENTREZGENE,GENECARDS,HGNC,UNIPROT_GN,WIKIGENE"
ANAPC1,ENSG00000153107,ANAPC1,anaphase promoting complex subunit 1 [Source:HGNC Symbol;Acc:HGNC:19988],"ENTREZGENE,GENECARDS,HGNC,UNIPROT_GN,WIKIGENE"
ANAPC10,ENSG00000164162,ANAPC10,anaphase promoting complex subunit 10 [Source:HGNC Symbol;Acc:HGNC:24077],"ENTREZGENE,GENECARDS,HGNC,UNIPROT_GN,WIKIGENE"
ANAPC11,ENSG00000141552,ANAPC11,anaphase promoting complex subunit 11 [Source:HGNC Symbol;Acc:HGNC:14452],"ENTREZGENE,GENECARDS,HGNC,UNIPROT_GN,WIKIGENE"
ANAPC13,ENSG00000129055,ANAPC13,anaphase promoting complex subunit 13 [Source:HGNC Symbol;Acc:HGNC:24540],"ENTREZGENE,GENECARDS,HGNC,UNIPROT_GN,WIKIGENE"
ANAPC2,ENSG00000176248,ANAPC2,anaphase promoting complex subunit 2 [Source:HGNC Symbol;Acc:HGNC:19989],"ENTREZGENE,GENECARDS,HGNC,UNIPROT_GN,WIKIGENE"
ANAPC4,ENSG00000053900,ANAPC4,anaphase promoting complex subunit 4 [Source:HGNC Symbol;Acc:HGNC:19990],"ENTREZGENE,GENECARDS,HGNC,UNIPROT_GN,WIKIGENE"
ANAPC5,ENSG00000089053,ANAPC5,anaphase promoting complex subunit 5 [Source:HGNC Symbol;Acc:HGNC:15713],"ENTREZGENE,GENECARDS,HGNC,UNIPROT_GN,WIKIGENE"
ANAPC7,ENSG00000196510,ANAPC7,anaphase promoting complex subunit 7 [Source:HGNC Symbol;Acc:HGNC:17380],"ENTREZGENE,GENECARDS,HGNC,UNIPROT_GN,WIKIGENE"
ATM,ENSG00000149311,ATM,ATM serine/threonine kinase [Source:HGNC Symbol;Acc:HGNC:795],"ENTREZGENE,GENECARDS,HGNC,UNIPROT_GN,WIKIGENE"
ATR,ENSG00000175054,ATR,ATR serine/threonine kinase [Source:HGNC Symbol;Acc:HGNC:882],"ENTREZGENE,GENECARDS,HGNC,UNIPROT_GN,WIKIGENE"
BUB1,ENSG00000169679,BUB1,BUB1 mitotic checkpoint serine/threonine kinase [Source:HGNC Symbol;Acc:HGNC:1148],"ENTREZGENE,GENECARDS,HGNC,UNIPROT_GN,WIKIGENE"
BUB1B,ENSG00000156970,BUB1B,BUB1 mitotic checkpoint serine/threonine kinase B [Source:HGNC Symbol;Acc:HGNC:1149],"ENTREZGENE,GENECARDS,HGNC,UNIPROT_GN,WIKIGENE"
BUB3,ENSG00000154473,BUB3,BUB3 mitotic checkpoint protein [Source:HGNC Symbol;Acc:HGNC:1151],"ENTREZGENE,GENECARDS,HGNC,UNIPROT_GN,WIKIGENE"
CCNA1,ENSG00000133101,CCNA1,cyclin A1 [Source:HGNC Symbol;Acc:HGNC:1577],"ENTREZGENE,GENECARDS,HGNC,WIKIGENE"
CCNA2,ENSG00000145386,CCNA2,cyclin A2 [Source:HGNC Symbol;Acc:HGNC:1578],"ENTREZGENE,GENECARDS,HGNC,UNIPROT_GN,WIKIGENE"
CCNB1,ENSG00000134057,CCNB1,cyclin B1 [Source:HGNC Symbol;Acc:HGNC:1579],"ENTREZGENE,GENECARDS,HGNC,UNIPROT_GN,WIKIGENE"
CCNB2,ENSG00000157456,CCNB2,cyclin B2 [Source:HGNC Symbol;Acc:HGNC:1580],"ENTREZGENE,GENECARDS,HGNC,UNIPROT_GN,WIKIGENE"
CCNB3,ENSG00000147082,CCNB3,cyclin B3 [Source:HGNC Symbol;Acc:HGNC:18709],"ENTREZGENE,GENECARDS,HGNC,UNIPROT_GN,WIKIGENE"
CCNE1,ENSG00000105173,CCNE1,cyclin E1 [Source:HGNC Symbol;Acc:HGNC:1589],"ENTREZGENE,GENECARDS,HGNC,UNIPROT_GN,WIKIGENE"
CCNE2,ENSG00000175305,CCNE2,cyclin E2 [Source:HGNC Symbol;Acc:HGNC:1590],"ENTREZGENE,GENECARDS,HGNC,UNIPROT_GN,WIKIGENE"
CCNH,ENSG00000134480,CCNH,cyclin H [Source:HGNC Symbol;Acc:HGNC:1594],"ENTREZGENE,GENECARDS,HGNC,UNIPROT_GN,WIKIGENE"
CDC14A,ENSG00000079335,CDC14A,cell division cycle 14A [Source:HGNC Symbol;Acc:HGNC:1718],"ENTREZGENE,GENECARDS,HGNC,UNIPROT_GN,WIKIGENE"
CDC14B,ENSG00000081377,CDC14B,cell division cycle 14B [Source:HGNC Symbol;Acc:HGNC:1719],"ENTREZGENE,GENECARDS,HGNC,UNIPROT_GN,WIKIGENE"
CDC16,ENSG00000130177,CDC16,cell division cycle 16 [Source:HGNC Symbol;Acc:HGNC:1720],"ENTREZGENE,GENECARDS,HGNC,UNIPROT_GN,WIKIGENE"
CDC20,ENSG00000117399,CDC20,cell division cycle 20 [Source:HGNC Symbol;Acc:HGNC:1723],"ENTREZGENE,GENECARDS,HGNC,UNIPROT_GN,WIKIGENE"
CDC23,ENSG00000094880,CDC23,cell division cycle 23 [Source:HGNC Symbol;Acc:HGNC:1724],"ENTREZGENE,GENECARDS,HGNC,UNIPROT_GN,WIKIGENE"
CDC25A,ENSG00000164045,CDC25A,cell division cycle 25A [Source:HGNC Symbol;Acc:HGNC:1725],"ENTREZGENE,GENECARDS,HGNC,UNIPROT_GN,WIKIGENE"
CDC25B,ENSG00000101224,CDC25B,cell division cycle 25B [Source:HGNC Symbol;Acc:HGNC:1726],"ENTREZGENE,GENECARDS,HGNC,UNIPROT_GN,WIKIGENE"
CDC25C,ENSG00000158402,CDC25C,cell division cycle 25C [Source:HGNC Symbol;Acc:HGNC:1727],"ENTREZGENE,GENECARDS,HGNC,UNIPROT_GN,WIKIGENE"
CDC26,ENSG00000176386,CDC26,cell division cycle 26 [Source:HGNC Symbol;Acc:HGNC:17839],"ENTREZGENE,GENECARDS,HGNC,UNIPROT_GN,WIKIGENE"
CDC27,ENSG00000004897,CDC27,cell division cycle 27 [Source:HGNC Symbol;Acc:HGNC:1728],"ENTREZGENE,GENECARDS,HGNC,UNIPROT_GN,WIKIGENE"
CDC45,ENSG00000093009,CDC45,cell division cycle 45 [Source:HGNC Symbol;Acc:HGNC:1739],"ENTREZGENE,GENECARDS,HGNC,UNIPROT_GN,WIKIGENE"
CDC6,ENSG00000094804,CDC6,cell division cycle 6 [Source:HGNC Symbol;Acc:HGNC:1744],"ENTREZGENE,GENECARDS,HGNC,UNIPROT_GN,WIKIGENE"
CDC7,ENSG00000097046,CDC7,cell division cycle 7 [Source:HGNC Symbol;Acc:HGNC:1745],"ENTREZGENE,GENECARDS,HGNC,UNIPROT_GN,WIKIGENE"
CDK1,ENSG00000170312,CDK1,cyclin dependent kinase 1 [Source:HGNC Symbol;Acc:HGNC:1722],"ENTREZGENE,GENECARDS,HGNC,UNIPROT_GN,WIKIGENE"
CDK2,ENSG00000123374,CDK2,cyclin dependent kinase 2 [Source:HGNC Symbol;Acc:HGNC:1771],"ENTREZGENE,GENECARDS,HGNC,UNIPROT_GN,WIKIGENE"
CDK4,ENSG00000135446,CDK4,cyclin dependent kinase 4 [Source:HGNC Symbol;Acc:HGNC:1773],"ENTREZGENE,GENECARDS,HGNC,UNIPROT_GN,WIKIGENE"
CDK6,ENSG00000105810,CDK6,cyclin dependent kinase 6 [Source:HGNC Symbol;Acc:HGNC:1777],"ENTREZGENE,GENECARDS,HGNC,UNIPROT_GN,WIKIGENE"
CDK7,ENSG00000134058,CDK7,cyclin dependent kinase 7 [Source:HGNC Symbol;Acc:HGNC:1778],"ENTREZGENE,GENECARDS,HGNC,UNIPROT_GN,WIKIGENE"
CDKN1A,ENSG00000124762,CDKN1A,cyclin dependent kinase inhibitor 1A [Source:HGNC Symbol;Acc:HGNC:1784],"ENTREZGENE,GENECARDS,HGNC,UNIPROT_GN,WIKIGENE"
CDKN1B,ENSG00000111276,CDKN1B,cyclin dependent kinase inhibitor 1B [Source:HGNC Symbol;Acc:HGNC:1785],"ENTREZGENE,GENECARDS,HGNC,UNIPROT_GN,WIKIGENE"
CDKN1C,ENSG00000129757,CDKN1C,cyclin dependent kinase inhibitor 1C [Source:HGNC Symbol;Acc:HGNC:1786],"ENTREZGENE,GENECARDS,HGNC,UNIPROT_GN,WIKIGENE"
CDKN2A,ENSG00000147889,CDKN2A,cyclin dependent kinase inhibitor 2A [Source:HGNC Symbol;Acc:HGNC:1787],"ENTREZGENE,GENECARDS,HGNC,UNIPROT_GN,WIKIGENE"
CDKN2B,ENSG00000147883,CDKN2B,cyclin dependent kinase inhibitor 2B [Source:HGNC Symbol;Acc:HGNC:1788],"ENTREZGENE,GENECARDS,HGNC,UNIPROT_GN,WIKIGENE"
CDKN2C,ENSG00000123080,CDKN2C,cyclin dependent kinase inhibitor 2C [Source:HGNC Symbol;Acc:HGNC:1789],"ENTREZGENE,GENECARDS,HGNC,UNIPROT_GN,WIKIGENE"
CDKN2D,ENSG00000129355,CDKN2D,cyclin dependent kinase inhibitor 2D [Source:HGNC Symbol;Acc:HGNC:1790],"ENTREZGENE,GENECARDS,HGNC,UNIPROT_GN,WIKIGENE"
CHEK1,ENSG00000149554,CHEK1,checkpoint kinase 1 [Source:HGNC Symbol;Acc:HGNC:1925],"ENTREZGENE,GENECARDS,HGNC,UNIPROT_GN,WIKIGENE"
CHEK2,ENSG00000183765,CHEK2,checkpoint kinase 2 [Source:HGNC Symbol;Acc:HGNC:16627],"ENTREZGENE,GENECARDS,HGNC,UNIPROT_GN,WIKIGENE"
CUL1,ENSG00000055130,CUL1,cullin 1 [Source:HGNC Symbol;Acc:HGNC:2551],"ENTREZGENE,GENECARDS,HGNC,UNIPROT_GN,WIKIGENE"
DBF4,ENSG00000006634,DBF4,DBF4 zinc finger [Source:HGNC Symbol;Acc:HGNC:17364],"ENTREZGENE,GENECARDS,HGNC,UNIPROT_GN,WIKIGENE"
E2F1,ENSG00000101412,E2F1,E2F transcription factor 1 [Source:HGNC Symbol;Acc:HGNC:3113],"ENTREZGENE,GENECARDS,HGNC,UNIPROT_GN,WIKIGENE"
E2F2,ENSG00000007968,E2F2,E2F transcription factor 2 [Source:HGNC Symbol;Acc:HGNC:3114],"ENTREZGENE,GENECARDS,HGNC,UNIPROT_GN,WIKIGENE"
E2F3,ENSG00000112242,E2F3,E2F transcription factor 3 [Source:HGNC Symbol;Acc:HGNC:3115],"ENTREZGENE,GENECARDS,HGNC,UNIPROT_GN,WIKIGENE"
E2F4,ENSG00000205250,E2F4,E2F transcription factor 4 [Source:HGNC Symbol;Acc:HGNC:3118],"ENTREZGENE,GENECARDS,HGNC,UNIPROT_GN,WIKIGENE"
E2F5,ENSG00000133740,E2F5,E2F transcription factor 5 [Source:HGNC Symbol;Acc:HGNC:3119],"ENTREZGENE,GENECARDS,HGNC,UNIPROT_GN,WIKIGENE"
ESPL1,ENSG00000135476,ESPL1,"extra spindle pole bodies like 1, separase [Source:HGNC Symbol;Acc:HGNC:16856]","ENTREZGENE,GENECARDS,HGNC,UNIPROT_GN,WIKIGENE"
FZR1,ENSG00000105325,FZR1,fizzy and cell division cycle 20 related 1 [Source:HGNC Symbol;Acc:HGNC:24824],"ENTREZGENE,GENECARDS,HGNC,UNIPROT_GN,WIKIGENE"
GADD45A,ENSG00000116717,GADD45A,growth arrest and DNA damage inducible alpha [Source:HGNC Symbol;Acc:HGNC:4095],"ENTREZGENE,GENECARDS,HGNC,UNIPROT_GN,WIKIGENE"
GADD45B,ENSG00000099860,GADD45B,growth arrest and DNA damage inducible beta [Source:HGNC Symbol;Acc:HGNC:4096],"ENTREZGENE,GENECARDS,HGNC,UNIPROT_GN,WIKIGENE"
GADD45G,ENSG00000130222,GADD45G,growth arrest and DNA damage inducible gamma [Source:HGNC Symbol;Acc:HGNC:4097],"ENTREZGENE,GENECARDS,HGNC,UNIPROT_GN,WIKIGENE"
GSK3B,ENSG00000082701,GSK3B,glycogen synthase kinase 3 beta [Source:HGNC Symbol;Acc:HGNC:4617],"ENTREZGENE,GENECARDS,HGNC,UNIPROT_GN,WIKIGENE"
HDAC1,ENSG00000116478,HDAC1,histone deacetylase 1 [Source:HGNC Symbol;Acc:HGNC:4852],"ENTREZGENE,GENECARDS,HGNC,UNIPROT_GN,WIKIGENE"
HDAC2,ENSG00000196591,HDAC2,histone deacetylase 2 [Source:HGNC Symbol;Acc:HGNC:4853],"ENTREZGENE,GENECARDS,HGNC,UNIPROT_GN,WIKIGENE"
MAD1L1,ENSG00000002822,MAD1L1,mitotic arrest deficient 1 like 1 [Source:HGNC Symbol;Acc:HGNC:6762],"ENTREZGENE,GENECARDS,HGNC,UNIPROT_GN,WIKIGENE"
MAD2L1,ENSG00000164109,MAD2L1,mitotic arrest deficient 2 like 1 [Source:HGNC Symbol;Acc:HGNC:6763],"ENTREZGENE,GENECARDS,HGNC,UNIPROT_GN,WIKIGENE"
MAD2L2,ENSG00000116670,MAD2L2,mitotic arrest deficient 2 like 2 [Source:HGNC Symbol;Acc:HGNC:6764],"ENTREZGENE,GENECARDS,HGNC,UNIPROT_GN,WIKIGENE"
MCM2,ENSG00000073111,MCM2,minichromosome maintenance complex component 2 [Source:HGNC Symbol;Acc:HGNC:6944],"ENTREZGENE,GENECARDS,HGNC,UNIPROT_GN,WIKIGENE"
MCM3,ENSG00000112118,MCM3,minichromosome maintenance complex component 3 [Source:HGNC Symbol;Acc:HGNC:6945],"ENTREZGENE,GENECARDS,HGNC,UNIPROT_GN,WIKIGENE"
MCM4,ENSG00000104738,MCM4,minichromosome maintenance complex component 4 [Source:HGNC Symbol;Acc:HGNC:6947],"ENTREZGENE,GENECARDS,HGNC,UNIPROT_GN,WIKIGENE"
MCM5,ENSG00000100297,MCM5,minichromosome maintenance complex component 5 [Source:HGNC Symbol;Acc:HGNC:6948],"ENTREZGENE,GENECARDS,HGNC,UNIPROT_GN,WIKIGENE"
MCM6,ENSG00000076003,MCM6,minichromosome maintenance complex component 6 [Source:HGNC Symbol;Acc:HGNC:6949],"ENTREZGENE,GENECARDS,HGNC,UNIPROT_GN,WIKIGENE"
MCM7,ENSG00000166508,MCM7,minichromosome maintenance complex component 7 [Source:HGNC Symbol;Acc:HGNC:6950],"ENTREZGENE,GENECARDS,HGNC,UNIPROT_GN,WIKIGENE"
MDM2,ENSG00000135679,MDM2,MDM2 proto-oncogene [Source:HGNC Symbol;Acc:HGNC:6973],"ENTREZGENE,GENECARDS,HGNC,UNIPROT_GN,WIKIGENE"
ORC1,ENSG00000085840,ORC1,origin recognition complex subunit 1 [Source:HGNC Symbol;Acc:HGNC:8487],"ENTREZGENE,GENECARDS,HGNC,UNIPROT_GN,WIKIGENE"
ORC2,ENSG00000115942,ORC2,origin recognition complex subunit 2 [Source:HGNC Symbol;Acc:HGNC:8488],"ENTREZGENE,GENECARDS,HGNC,UNIPROT_GN,WIKIGENE"
ORC3,ENSG00000135336,ORC3,origin recognition complex subunit 3 [Source:HGNC Symbol;Acc:HGNC:8489],"ENTREZGENE,GENECARDS,HGNC,UNIPROT_GN,WIKIGENE"
ORC4,ENSG00000115947,ORC4,origin recognition complex subunit 4 [Source:HGNC Symbol;Acc:HGNC:8490],"ENTREZGENE,GENECARDS,HGNC,UNIPROT_GN,WIKIGENE"
ORC5,ENSG00000164815,ORC5,origin recognition complex subunit 5 [Source:HGNC Symbol;Acc:HGNC:8491],"ENTREZGENE,GENECARDS,HGNC,UNIPROT_GN,WIKIGENE"
ORC6,ENSG00000091651,ORC6,origin recognition complex subunit 6 [Source:HGNC Symbol;Acc:HGNC:17151],"ENTREZGENE,GENECARDS,HGNC,UNIPROT_GN,WIKIGENE"
PCNA,ENSG00000132646,PCNA,proliferating cell nuclear antigen [Source:HGNC Symbol;Acc:HGNC:8729],"ENTREZGENE,GENECARDS,HGNC,UNIPROT_GN,WIKIGENE"
PKMYT1,ENSG00000127564,PKMYT1,"protein kinase, membrane associated tyrosine/threonine 1 [Source:HGNC Symbol;Acc:HGNC:29650]","ENTREZGENE,GENECARDS,HGNC,UNIPROT_GN,WIKIGENE"
PLK1,ENSG00000166851,PLK1,polo like kinase 1 [Source:HGNC Symbol;Acc:HGNC:9077],"ENTREZGENE,GENECARDS,HGNC,UNIPROT_GN,WIKIGENE"
PRKDC,ENSG00000253729,PRKDC,"protein kinase, DNA-activated, catalytic subunit [Source:HGNC Symbol;Acc:HGNC:9413]","ENTREZGENE,GENECARDS,HGNC,UNIPROT_GN,WIKIGENE"
PTTG1,ENSG00000164611,PTTG1,"PTTG1 regulator of sister chromatid separation, securin [Source:HGNC Symbol;Acc:HGNC:9690]","ENTREZGENE,GENECARDS,HGNC,UNIPROT_GN,WIKIGENE"
PTTG2,ENSG00000250254,PTTG2,pituitary tumor-transforming 2 [Source:HGNC Symbol;Acc:HGNC:9691],"ENTREZGENE,GENECARDS,HGNC,WIKIGENE"
RAD21,ENSG00000164754,RAD21,RAD21 cohesin complex component [Source:HGNC Symbol;Acc:HGNC:9811],"ENTREZGENE,GENECARDS,HGNC,UNIPROT_GN,WIKIGENE"
RB1,ENSG00000139687,RB1,RB transcriptional corepressor 1 [Source:HGNC Symbol;Acc:HGNC:9884],"ENTREZGENE,GENECARDS,HGNC,UNIPROT_GN,WIKIGENE"
RBL1,ENSG00000080839,RBL1,RB transcriptional corepressor like 1 [Source:HGNC Symbol;Acc:HGNC:9893],"ENTREZGENE,GENECARDS,HGNC,UNIPROT_GN,WIKIGENE"
RBL2,ENSG00000103479,RBL2,RB transcriptional corepressor like 2 [Source:HGNC Symbol;Acc:HGNC:9894],"ENTREZGENE,GENECARDS,HGNC,UNIPROT_GN,WIKIGENE"
RBX1,ENSG00000100387,RBX1,ring-box 1 [Source:HGNC Symbol;Acc:HGNC:9928],"ENTREZGENE,GENECARDS,HGNC,UNIPROT_GN,WIKIGENE"
SFN,ENSG00000175793,SFN,stratifin [Source:HGNC Symbol;Acc:HGNC:10773],"ENTREZGENE,GENECARDS,HGNC,UNIPROT_GN,WIKIGENE"
SKP1,ENSG00000113558,SKP1,S-phase kinase associated protein 1 [Source:HGNC Symbol;Acc:HGNC:10899],"ENTREZGENE,GENECARDS,HGNC,UNIPROT_GN,WIKIGENE"
SKP1P2,ENSG00000256211,SKP1P2,S-phase kinase associated protein 1 pseudogene 2 [Source:HGNC Symbol;Acc:HGNC:10900],"GENECARDS,HGNC"
SKP2,ENSG00000145604,SKP2,S-phase kinase associated protein 2 [Source:HGNC Symbol;Acc:HGNC:10901],"ENTREZGENE,GENECARDS,HGNC,UNIPROT_GN,WIKIGENE"
SMAD2,ENSG00000175387,SMAD2,SMAD family member 2 [Source:HGNC Symbol;Acc:HGNC:6768],"ENTREZGENE,GENECARDS,HGNC,UNIPROT_GN,WIKIGENE"
SMAD3,ENSG00000166949,SMAD3,SMAD family member 3 [Source:HGNC Symbol;Acc:HGNC:6769],"ENTREZGENE,GENECARDS,HGNC,UNIPROT_GN,WIKIGENE"
SMAD4,ENSG00000141646,SMAD4,SMAD family member 4 [Source:HGNC Symbol;Acc:HGNC:6770],"ENTREZGENE,GENECARDS,HGNC,UNIPROT_GN,WIKIGENE"
SMC1A,ENSG00000072501,SMC1A,structural maintenance of chromosomes 1A [Source:HGNC Symbol;Acc:HGNC:11111],"ENTREZGENE,GENECARDS,HGNC,UNIPROT_GN,WIKIGENE"
SMC1B,ENSG00000077935,SMC1B,structural maintenance of chromosomes 1B [Source:HGNC Symbol;Acc:HGNC:11112],"ENTREZGENE,GENECARDS,HGNC,UNIPROT_GN,WIKIGENE"
SMC3,ENSG00000108055,SMC3,structural maintenance of chromosomes 3 [Source:HGNC Symbol;Acc:HGNC:2468],"ENTREZGENE,GENECARDS,HGNC,UNIPROT_GN,WIKIGENE"
STAG1,ENSG00000118007,STAG1,STAG1 cohesin complex component [Source:HGNC Symbol;Acc:HGNC:11354],"ENTREZGENE,GENECARDS,HGNC,UNIPROT_GN,WIKIGENE"
STAG2,ENSG00000101972,STAG2,STAG2 cohesin complex component [Source:HGNC Symbol;Acc:HGNC:11355],"ENTREZGENE,GENECARDS,HGNC,UNIPROT_GN,WIKIGENE"
TFDP1,ENSG00000198176,TFDP1,transcription factor Dp-1 [Source:HGNC Symbol;Acc:HGNC:11749],"ENTREZGENE,GENECARDS,HGNC,UNIPROT_GN,WIKIGENE"
TFDP2,ENSG00000114126,TFDP2,transcription factor Dp-2 [Source:HGNC Symbol;Acc:HGNC:11751],"ENTREZGENE,GENECARDS,HGNC,UNIPROT_GN,WIKIGENE"
TGFB1,ENSG00000105329,TGFB1,transforming growth factor beta 1 [Source:HGNC Symbol;Acc:HGNC:11766],"ENTREZGENE,GENECARDS,HGNC,UNIPROT_GN,WIKIGENE"
TGFB2,ENSG00000092969,TGFB2,transforming growth factor beta 2 [Source:HGNC Symbol;Acc:HGNC:11768],"ENTREZGENE,GENECARDS,HGNC,UNIPROT_GN,WIKIGENE"
TGFB3,ENSG00000119699,TGFB3,transforming growth factor beta 3 [Source:HGNC Symbol;Acc:HGNC:11769],"ENTREZGENE,GENECARDS,HGNC,UNIPROT_GN,WIKIGENE"
TP53,ENSG00000141510,TP53,tumor protein p53 [Source:HGNC Symbol;Acc:HGNC:11998],"DBASS5,ENTREZGENE,GENECARDS,HGNC,UNIPROT_GN,WIKIGENE"
TTK,ENSG00000112742,TTK,TTK protein kinase [Source:HGNC Symbol;Acc:HGNC:12401],"ENTREZGENE,GENECARDS,HGNC,UNIPROT_GN,WIKIGENE"
WEE1,ENSG00000166483,WEE1,WEE1 G2 checkpoint kinase [Source:HGNC Symbol;Acc:HGNC:12761],"ENTREZGENE,GENECARDS,HGNC,UNIPROT_GN,WIKIGENE"
WEE2,ENSG00000214102,WEE2,WEE2 oocyte meiosis inhibiting kinase [Source:HGNC Symbol;Acc:HGNC:19684],"ENTREZGENE,GENECARDS,HGNC,UNIPROT_GN,WIKIGENE"
YWHAB,ENSG00000166913,YWHAB,tyrosine 3-monooxygenase/tryptophan 5-monooxygenase activation protein beta [Source:HGNC Symbol;Acc:HGNC:12849],"ENTREZGENE,GENECARDS,HGNC,UNIPROT_GN,WIKIGENE"
YWHAE,ENSG00000108953,YWHAE,tyrosine 3-monooxygenase/tryptophan 5-monooxygenase activation protein epsilon [Source:HGNC Symbol;Acc:HGNC:12851],"ENTREZGENE,GENECARDS,HGNC,UNIPROT_GN,WIKIGENE"
YWHAG,ENSG00000170027,YWHAG,tyrosine 3-monooxygenase/tryptophan 5-monooxygenase activation protein gamma [Source:HGNC Symbol;Acc:HGNC:12852],"ENTREZGENE,GENECARDS,HGNC,UNIPROT_GN,WIKIGENE"
YWHAH,ENSG00000128245,YWHAH,tyrosine 3-monooxygenase/tryptophan 5-monooxygenase activation protein eta [Source:HGNC Symbol;Acc:HGNC:12853],"ENTREZGENE,GENECARDS,HGNC,UNIPROT_GN,WIKIGENE"
YWHAQ,ENSG00000134308,YWHAQ,tyrosine 3-monooxygenase/tryptophan 5-monooxygenase activation protein theta [Source:HGNC Symbol;Acc:HGNC:12854],"ENTREZGENE,GENECARDS,HGNC,UNIPROT_GN,WIKIGENE"
YWHAZ,ENSG00000164924,YWHAZ,tyrosine 3-monooxygenase/tryptophan 5-monooxygenase activation protein zeta [Source:HGNC Symbol;Acc:HGNC:12855],"ENTREZGENE,GENECARDS,HGNC,UNIPROT_GN,WIKIGENE"
ZBTB17,ENSG00000116809,ZBTB17,zinc finger and BTB domain containing 17 [Source:HGNC Symbol;Acc:HGNC:12936],"ENTREZGENE,GENECARDS,HGNC,UNIPROT_GN,WIKIGENE"
